--
-- PostgreSQL database dump
--

-- Dumped from database version 14.15 (Homebrew)
-- Dumped by pg_dump version 14.15 (Homebrew)

SET statement_timeout = 0;
SET lock_timeout = 0;
SET idle_in_transaction_session_timeout = 0;
SET client_encoding = 'UTF8';
SET standard_conforming_strings = on;
SELECT pg_catalog.set_config('search_path', '', false);
SET check_function_bodies = false;
SET xmloption = content;
SET client_min_messages = warning;
SET row_security = off;

--
-- Data for Name: concerns; Type: TABLE DATA; Schema: app; Owner: postgres
--

INSERT INTO app.concerns (concern_id, concern_name, category) VALUES (2, 'oiliness', 'SKINCARE');
INSERT INTO app.concerns (concern_id, concern_name, category) VALUES (4, 'dryness', 'SKINCARE');
INSERT INTO app.concerns (concern_id, concern_name, category) VALUES (1, 'pores', 'SKINCARE');
INSERT INTO app.concerns (concern_id, concern_name, category) VALUES (3, 'redness', 'SKINCARE');
INSERT INTO app.concerns (concern_id, concern_name, category) VALUES (6, 'uneven texture', 'SKINCARE');
INSERT INTO app.concerns (concern_id, concern_name, category) VALUES (5, 'dullness', 'SKINCARE');
INSERT INTO app.concerns (concern_id, concern_name, category) VALUES (7, 'fine lines and wrinkles', 'SKINCARE');
INSERT INTO app.concerns (concern_id, concern_name, category) VALUES (11, 'puffiness', 'SKINCARE');
INSERT INTO app.concerns (concern_id, concern_name, category) VALUES (8, 'acne and blemishes', 'SKINCARE');
INSERT INTO app.concerns (concern_id, concern_name, category) VALUES (10, 'uneven skin tone', 'SKINCARE');
INSERT INTO app.concerns (concern_id, concern_name, category) VALUES (9, 'dark spots', 'SKINCARE');


--
-- Data for Name: ingredients; Type: TABLE DATA; Schema: app; Owner: postgres
--

INSERT INTO app.ingredients (id, name, category, benefit, potential_issues) VALUES (8, 'citric acid', 'SKINCARE', 'brightening, texture, pore reduction', 'irritation');
INSERT INTO app.ingredients (id, name, category, benefit, potential_issues) VALUES (9, 'snail secretion filtrate', 'SKINCARE', 'dry skin, redness, irritation', NULL);
INSERT INTO app.ingredients (id, name, category, benefit, potential_issues) VALUES (5, 'glycerin', 'SKINCARE', 'dry skin, brightening', NULL);
INSERT INTO app.ingredients (id, name, category, benefit, potential_issues) VALUES (4, 'retinol', 'SKINCARE', 'acne, oil control, brightening, texture, pore reduction, anti-aging, dark spots', 'dry skin, irritiation');
INSERT INTO app.ingredients (id, name, category, benefit, potential_issues) VALUES (7, 'tretinoin', 'SKINCARE', 'acne, brightening, anti-aging', 'irritation');
INSERT INTO app.ingredients (id, name, category, benefit, potential_issues) VALUES (2, 'niacinamide', 'SKINCARE', 'acne, oil control, redness, brightening, pore reduction, dark spots', NULL);
INSERT INTO app.ingredients (id, name, category, benefit, potential_issues) VALUES (3, 'hyaluronic acid', 'SKINCARE', 'brightening, texture, anti-aging', 'irritation');
INSERT INTO app.ingredients (id, name, category, benefit, potential_issues) VALUES (1, 'salicylic acid', 'SKINCARE', 'acne, oil control, brightening, pore reduction', 'dry skin, irritation, ');
INSERT INTO app.ingredients (id, name, category, benefit, potential_issues) VALUES (6, 'ascorbic acid', 'SKINCARE', 'redness, brightening, texture, anti-aging, dark spots', NULL);


--
-- Data for Name: products; Type: TABLE DATA; Schema: app; Owner: postgres
--

INSERT INTO app.products (product_id, name, brand, url, price, rating, image_url, image_alt_text, source, category, is_vegan, is_cruelty_free, is_clean_at_sephora, created_at, type, suggested_usage) VALUES ('P455936', 'Lip Butter Balm for Hydration & Shine', 'Summer Fridays', '/product/summer-fridays-lip-butter-balm-P455936?skuId=2495505', 24, 4.3408, 'https://www.sephora.com/productimages/sku/s2495505-main-zoom.jpg?imwidth=270&pb=allure-2024-bestofbeauty', 'Summer Fridays - Lip Butter Balm for Hydration & Shine', 'SEPHORA', 'SKINCARE', true, true, true, '2024-12-27 16:17:10.499093', 'Lip Balms & Treatments', '<b>Suggested Usage:<br></b>-Use when your lips need extra hydration throughout the day&mdash;or as an overnight mask.<br><b><br>Recycling Instructions:<br></b>-Upon unboxing, flatten the unit carton and liner and place in the recycling bin.<br>-Once you&rsquo;ve finished the balm, remove and discard the cap and then recycle the plastic tube.');
INSERT INTO app.products (product_id, name, brand, url, price, rating, image_url, image_alt_text, source, category, is_vegan, is_cruelty_free, is_clean_at_sephora, created_at, type, suggested_usage) VALUES ('P427417', 'Niacinamide 10% + Zinc 1% Oil Control Serum', 'The Ordinary', '/product/the-ordinary-deciem-niacinamide-10-zinc-1-P427417?skuId=2031391', 6, 4.2398, 'https://www.sephora.com/productimages/sku/s2031391-main-zoom.jpg?imwidth=270', 'The Ordinary - Niacinamide 10% + Zinc 1% Oil Control Serum', 'SEPHORA', 'SKINCARE', true, true, false, '2024-12-27 16:17:10.499136', 'Face Serums', '<p><strong>Suggested Usage:<br></strong>-Apply a few drops to entire face in morning and evening before heavier creams.</p><p><br></p><p>Precautions:</p><p>-If topical vitamin C is used as part of skincare, it should be applied at alternate times with this formula in the AM. Otherwise, niacinamide can affect integrity of pure-form vitamin C.</p>');
INSERT INTO app.products (product_id, name, brand, url, price, rating, image_url, image_alt_text, source, category, is_vegan, is_cruelty_free, is_clean_at_sephora, created_at, type, suggested_usage) VALUES ('P480529', 'Power Mist Hydrating Hand Sanitizer', 'Touchland', '/product/touchland-power-mist-hydrating-hand-sanitizer-P480529?skuId=2556785', 10, 4.287, 'https://www.sephora.com/productimages/sku/s2556785-main-zoom.jpg?imwidth=270&pb=allure-2024-bestofbeauty', 'Touchland - Power Mist Hydrating Hand Sanitizer', 'SEPHORA', 'SKINCARE', false, false, true, '2024-12-27 16:17:10.499164', 'Hand Sanitizer & Hand Soap', '<p><strong>Suggested Usage:</strong></p><p>Place enough product in your palm to thoroughly cover your hands.&nbsp;</p><p>Rub hands together until dry.</p><p><br></p><p><strong>Recycling Instructions:<br></strong></p><p>- Net-Zero Plastic Waste Certified brand.</p>');
INSERT INTO app.products (product_id, name, brand, url, price, rating, image_url, image_alt_text, source, category, is_vegan, is_cruelty_free, is_clean_at_sephora, created_at, type, suggested_usage) VALUES ('P467762', 'Mini Watermelon Glow PHA + BHA Pore-Tight Toner', 'Glow Recipe', '/product/glow-recipe-mini-watermelon-glow-pha-bha-pore-tight-toner-P467762?skuId=2421519', 16, 4.2694, 'https://www.sephora.com/productimages/sku/s2421519-main-zoom.jpg?imwidth=270&pb=clean-planet-aware', 'Glow Recipe - Mini Watermelon Glow PHA + BHA Pore-Tight Toner', 'SEPHORA', 'SKINCARE', false, false, false, '2024-12-27 16:17:10.499178', 'Mini Size', '<p><strong>Suggested Usage:</strong></p><p >After cleansing in the AM and PM, dispense into your palms and gently press into your face and neck until fully absorbed.</p><p>- Can also be applied with a cotton pad.</p><p>- Follow with sunscreen during the day.</p><p>- Avoid eye area.</p><p>- Glow Tip: Follow with Watermelon Glow Niacinamide Dew Drops for a healthy dewy glow!</p><p><br></p><p><strong>&nbsp;Recycling Instructions:</strong></p><p>-Remove the cap and plastic inner lid.</p><p>-Wash the glass jar with hot water to fully remove any remaining product.</p><p>-Dry jar thoroughly.</p><p>-Up-cycle the glass jar or recycle it along with the plastic cap and inner lid per your local guidelines.</p><p>-Glow Recipe also offers a recycling send-back program with its partner TerraCycle® for products that cannot be recycled locally.</p>');
INSERT INTO app.products (product_id, name, brand, url, price, rating, image_url, image_alt_text, source, category, is_vegan, is_cruelty_free, is_clean_at_sephora, created_at, type, suggested_usage) VALUES ('P427419', 'Hyaluronic Acid 2% + B5 Hydrating Serum', 'The Ordinary', '/product/the-ordinary-hyaluronic-acid-2-b5-hydrating-serum-P427419?skuId=2735132', 9.9, 4.3403, 'https://www.sephora.com/productimages/sku/s2735132-main-zoom.jpg?imwidth=270', 'The Ordinary - Hyaluronic Acid 2% + B5 Hydrating Serum', 'SEPHORA', 'SKINCARE', false, true, false, '2024-12-27 16:17:10.499188', 'Face Serums', '<b>Suggested Usage:<br></b>-Apply a few drops to the face in the morning and evening. <br>-If irritation occurs, rinse off, cease use, and consult a physician. <br>-Use only as directed on unbroken skin. <br>-Patch testing prior to use is advised. <br>-Keep out of reach of children.');
INSERT INTO app.products (product_id, name, brand, url, price, rating, image_url, image_alt_text, source, category, is_vegan, is_cruelty_free, is_clean_at_sephora, created_at, type, suggested_usage) VALUES ('P427406', 'Glycolic Acid 7% Exfoliating Toner', 'The Ordinary', '/product/the-ordinary-deciem-glycolic-acid-7-toning-solution-P427406?skuId=2031508', 8.7, 4.3304, 'https://www.sephora.com/productimages/sku/s2031508-main-zoom.jpg?imwidth=270', 'The Ordinary - Glycolic Acid 7% Exfoliating Toner', 'SEPHORA', 'SKINCARE', true, true, false, '2024-12-27 16:17:10.4992', 'Toners', '<b>Suggested Usage:<br></b>-Use ideally in the PM and do not exceed once-daily use.<br>-After cleaning, saturate a cotton pad with the formula and sweep across face and neck.<br>-Do not rinse off.<br>-Continue with additional skin treatments as needed.<br><br>Precautions:<br>-Avoid the eye contour and contact with eyes.<br>-This product contains an alpha hydroxy acid (AHA) that may increase your skin''s sensitivity to the sun and particularly the possibility of sunburn. Use a sunscreen, wear protective clothing, and limit sun exposure while using this product and for a week afterward.<br>-Use only as directed.<br>-Contact of the product with the skin must be of limited frequency or duration.<br>-This formula should not be used on sensitive, peeling, or compromised skin. If persistent irritation occurs, discontinue use and consult a physician.<br>-Please note that Tasmanian pepperberry derivative included in this formula is of plant origin and varies in color seasonally, and this color variation may be apparent in the formula from time to time.');
INSERT INTO app.products (product_id, name, brand, url, price, rating, image_url, image_alt_text, source, category, is_vegan, is_cruelty_free, is_clean_at_sephora, created_at, type, suggested_usage) VALUES ('P503655', 'Mini Grape Water Moisturizing Face Mist', 'Caudalie', '/product/caudalie-grape-water-moisturizing-face-mist-P503655?skuId=1434190', 12, 4.3698, 'https://www.sephora.com/productimages/sku/s1434190-main-zoom.jpg?imwidth=270&pb=clean-planet-aware', 'Caudalie - Mini Grape Water Moisturizing Face Mist', 'SEPHORA', 'SKINCARE', true, false, false, '2024-12-27 16:17:10.499215', 'Mists & Essences', '<b>Suggested Usage:<br></b>-Spritz on as a toner to clean face or at any time of the day to soothe, refresh, and moisturize skin.<br>-It quickly absorbs into skin, no need to blot.<br><br><b>Recycling Instructions:</b><br>-Bottle is 100 percent recyclable, and cap is recyclable through Terracycle&reg;.<br>-As a pioneer of sustainable beauty, Caudalie is committed to reducing packaging waste for all new and existing products by end of 2022, using less plastic, paper and metal to create recycled, recyclable or refillable packaging.');
INSERT INTO app.products (product_id, name, brand, url, price, rating, image_url, image_alt_text, source, category, is_vegan, is_cruelty_free, is_clean_at_sephora, created_at, type, suggested_usage) VALUES ('P448852', 'SOS Daily Rescue Facial Spray with Hypochlorous Acid', 'Tower 28 Beauty', '/product/sos-save-our-skin-daily-rescue-facial-spray-P448852?skuId=2527844', 12, 4.0486, 'https://www.sephora.com/productimages/sku/s2527844-main-zoom.jpg?imwidth=270&pb=clean-at-sephora', 'Tower 28 Beauty - SOS Daily Rescue Facial Spray with Hypochlorous Acid', 'SEPHORA', 'SKINCARE', true, true, true, '2024-12-27 16:17:10.499229', 'Toners', '<p><strong>Suggested Usage:</strong></p><p>-Use morning and evening. </p><p>-For best results, spray on dry, freshly- cleansed skin.</p><p>-Let dry down completely before applying moisturizer.</p><p>-Use for blemishes, sunburns, rashes, eczema, post-workout, and post-procedure.</p><p><br></p><p><strong>Recycling Instructions:</strong></p><p>-New packaging is made from 100 percent post-consumer resin (recycled plastic). </p>');
INSERT INTO app.products (product_id, name, brand, url, price, rating, image_url, image_alt_text, source, category, is_vegan, is_cruelty_free, is_clean_at_sephora, created_at, type, suggested_usage) VALUES ('P458219', 'Watermelon Glow PHA + BHA Pore-Tight Toner', 'Glow Recipe', '/product/glow-recipe-watermelon-glow-pha-bha-pore-tight-toner-P458219?skuId=2348431', 16, 4.2694, 'https://www.sephora.com/productimages/sku/s2348431-main-zoom.jpg?imwidth=270&pb=clean-planet-aware', 'Glow Recipe - Watermelon Glow PHA + BHA Pore-Tight Toner', 'SEPHORA', 'SKINCARE', true, true, false, '2024-12-27 16:17:10.499242', 'Toners', '<p><strong>Suggested Usage:<br></strong></p><p >- After cleansing in the AM and PM, dispense into your palms and gently press into your face and neck until fully absorbed.</p><p>- Can also be applied with a cotton pad.</p><p>- Follow with sunscreen during the day.</p><p>- Avoid eye area.</p><p>- Glow Tip: Follow with Watermelon Glow Niacinamide Dew Drops for a healthy dewy glow!</p><p><br></p><p><strong>Recycling Instructions:<br></strong>-Remove the cap and plastic inner lid.</p><p>-Wash the glass jar with hot water to fully remove any remaining product.</p><p>-Dry jar thoroughly.</p><p>-Up-cycle the glass jar or recycle it along with the plastic cap and inner lid per your local guidelines.</p><p>-Glow Recipe also offers a recycling send-back program with its partner TerraCycle® for products that cannot be recycled locally.</p>');
INSERT INTO app.products (product_id, name, brand, url, price, rating, image_url, image_alt_text, source, category, is_vegan, is_cruelty_free, is_clean_at_sephora, created_at, type, suggested_usage) VALUES ('P443563', 'Lip Glowy Lightweight Hydration Balm with Shea Butter', 'LANEIGE', '/product/glowy-lip-balm-P443563?skuId=2743342', 19, 4.3863, 'https://www.sephora.com/productimages/sku/s2743342-main-zoom.jpg?imwidth=270', 'LANEIGE - Lip Glowy Lightweight Hydration Balm with Shea Butter', 'SEPHORA', 'SKINCARE', true, false, false, '2024-12-27 16:17:10.499251', 'Lip Balms & Treatments', '<p><strong>Suggested Usage:<br></strong>-Apply directly to lips as needed.</p><p>-Use alone or before lip color to prime.</p><p>-Use after lip color for shine.</p>');
INSERT INTO app.products (product_id, name, brand, url, price, rating, image_url, image_alt_text, source, category, is_vegan, is_cruelty_free, is_clean_at_sephora, created_at, type, suggested_usage) VALUES ('P448853', 'Mini SOS Daily Rescue Facial Spray with Hypochlorous Acid', 'Tower 28 Beauty', '/product/sos-save-our-skin-daily-rescue-facial-spray-mini-P448853?skuId=2527836', 12, 4.0486, 'https://www.sephora.com/productimages/sku/s2527836-main-zoom.jpg?imwidth=270&pb=clean-at-sephora', 'Tower 28 Beauty - Mini SOS Daily Rescue Facial Spray with Hypochlorous Acid', 'SEPHORA', 'SKINCARE', true, true, true, '2024-12-27 16:17:10.499259', 'Toners', '<b>Suggested Usage:<br></b>-Use morning and evening. <br>-For best results, spray on dry, freshly- cleansed skin.<br>-Let dry down completely before applying moisturizer.<br>-Use for blemishes, sunburns, rashes, eczema, post-workout, and post-procedure.<br><br><b>Recycling Instructions:<br></b>-New packaging is made from 100 percent post-consumer resin (recycled plastic). Bottle is also fully recyclable, just remove the cap.');
INSERT INTO app.products (product_id, name, brand, url, price, rating, image_url, image_alt_text, source, category, is_vegan, is_cruelty_free, is_clean_at_sephora, created_at, type, suggested_usage) VALUES ('P461522', 'Purifying Charcoal Nose Pore Strip', 'SEPHORA COLLECTION', '/product/sephora-collection-purifying-charcoal-nose-pore-strip-P461522?skuId=2707701', 3, 3.3129, 'https://www.sephora.com/productimages/sku/s2707701-main-zoom.jpg?imwidth=270&pb=clean-at-sephora', 'SEPHORA COLLECTION - Purifying Charcoal Nose Pore Strip', 'SEPHORA', 'SKINCARE', true, false, true, '2024-12-27 16:17:10.499268', 'Sheet Masks', '<p><strong>Suggested Usage:<br></strong>-Use twice a week.</p><p>-Remove makeup and clean nose.</p><p>-Do not dry completely, leave skin damp.</p><p>-Remove the transparent, protective film.</p><p>-Apply the strip onto slightly damp nose skin with the shiny side against the skin.</p><p>-Leave it on for 10 minutes.</p><p>-Peel the strip off.</p>');
INSERT INTO app.products (product_id, name, brand, url, price, rating, image_url, image_alt_text, source, category, is_vegan, is_cruelty_free, is_clean_at_sephora, created_at, type, suggested_usage) VALUES ('P420652', 'Lip Sleeping Mask Intense Hydration with Vitamin C', 'LANEIGE', '/product/lip-sleeping-mask-P420652?skuId=2371367', 24, 4.3176, 'https://www.sephora.com/productimages/sku/s2371367-main-zoom.jpg?imwidth=270', 'LANEIGE - Lip Sleeping Mask Intense Hydration with Vitamin C', 'SEPHORA', 'SKINCARE', false, false, false, '2024-12-27 16:17:10.499278', 'Lip Balms & Treatments', '<p><strong>Suggested Usage:<br></strong>-Apply generously to the lips in the evening and leave on overnight.</p><p>-Gently wipe off excess in the morning as needed.</p>');
INSERT INTO app.products (product_id, name, brand, url, price, rating, image_url, image_alt_text, source, category, is_vegan, is_cruelty_free, is_clean_at_sephora, created_at, type, suggested_usage) VALUES ('P510898', 'Eye Mask Patches for Dark Circles + De-Puffing', 'SEPHORA COLLECTION', '/product/eye-mask-patches-for-dark-circles-de-puffing-P510898?skuId=2707685', 4, 4.4444, 'https://www.sephora.com/productimages/sku/s2707685-main-zoom.jpg?imwidth=270&pb=clean-at-sephora', 'SEPHORA COLLECTION - Eye Mask Patches for Dark Circles + De-Puffing', 'SEPHORA', 'SKINCARE', true, false, true, '2024-12-27 16:17:10.499287', 'Eye Masks', '<p><strong>Suggested Usage:<br></strong>-Remove one protective film.</p><p>-Place the patch under the eye.</p><p>-Remove the two other films and place the second patch.</p><p>-Leave on for five minutes, then remove and massage any excess product into the skin.</p><p>-No need to rinse.</p>');
INSERT INTO app.products (product_id, name, brand, url, price, rating, image_url, image_alt_text, source, category, is_vegan, is_cruelty_free, is_clean_at_sephora, created_at, type, suggested_usage) VALUES ('P510932', 'Moisturizing Cherry Lip Mask', 'SEPHORA COLLECTION', '/product/moisturizing-cherry-lip-mask-P510932?skuId=2707735', 3, 3.7813, 'https://www.sephora.com/productimages/sku/s2707735-main-zoom.jpg?imwidth=270&pb=clean-at-sephora', 'SEPHORA COLLECTION - Moisturizing Cherry Lip Mask', 'SEPHORA', 'SKINCARE', true, false, true, '2024-12-27 16:17:10.499295', 'Lip Balms & Treatments', '<b>Suggested Usage:<br></b>-Peel off the first moisturizing mask protective film.<br>-Apply the moisturizing mask to your lips and press so it sticks to the skin. Peel off the second protective film.<br>-Leave on lips for five minutes, then remove and gently massage in any remaining product.<br>-No need to rinse.');
INSERT INTO app.products (product_id, name, brand, url, price, rating, image_url, image_alt_text, source, category, is_vegan, is_cruelty_free, is_clean_at_sephora, created_at, type, suggested_usage) VALUES ('P511705', 'Hydrocolloid Invisible Pimple Patches + Salicylic Acid', 'The INKEY List', '/product/the-inkey-list-hydrocolloid-invisible-pimple-patches-P511705?skuId=2787968', 9, 4.7879, 'https://www.sephora.com/productimages/sku/s2787968-main-zoom.jpg?imwidth=270&pb=clean-at-sephora', 'The INKEY List - Hydrocolloid Invisible Pimple Patches + Salicylic Acid', 'SEPHORA', 'SKINCARE', false, true, false, '2024-12-27 16:17:10.499303', 'Blemish & Acne Treatments', '<b>Suggested Usage:<br></b>-Use morning and evening.  ​<br>-Gently tear sheet to lift individual patch.<br>-Apply directly onto cleansed, dry skin to cover imperfection. ​<br>-Leave on for four or more hours (or overnight) then remove and dispose. Reapply a new patch as needed.​<br>-To keep in place, avoid applying multiple layers of skincare and/or makeup over the patch.​<br>-Store remaining patches in the pouch provided.<br><br><b>Recycling Instructions:<br></b>-Outer carton and sheet are recycle ready*. ​<br>-Separate paper and plastic on pouch before recycling. ​<br>​<br>*Recycling is subject to local policies and facilities, please check your local municipality guidelines.');
INSERT INTO app.products (product_id, name, brand, url, price, rating, image_url, image_alt_text, source, category, is_vegan, is_cruelty_free, is_clean_at_sephora, created_at, type, suggested_usage) VALUES ('P514680', 'Delícia Drench™ Moisturizing Shower Oil for Dry Skin', 'Sol de Janeiro', '/product/delicia-drench-tm-moisturizing-shower-oil-for-dry-skin-P514680?skuId=2830891', 10, 4.8827, 'https://www.sephora.com/productimages/sku/s2830891-main-zoom.jpg?imwidth=270', 'Sol de Janeiro - Delícia Drench™ Moisturizing Shower Oil for Dry Skin', 'SEPHORA', 'SKINCARE', false, false, false, '2024-12-27 16:17:10.499321', 'Body Wash & Shower Gel', '<b>Suggested Usage:<br></b>-Work into wet skin, gently massaging as you go, allowing a few moments for the product to transform from a luxurious oil to a low-lather milky cleanser. <br>-Rinse away to reveal soft and touchable skin. <br>-Hot Tip: This rich, comforting formula doubles as a shave oil.<br><br><b>Recycling Instructions:<br></b>-All sizes are 100 percent recyclable. <br>-Rinse components prior to recycling.');
INSERT INTO app.products (product_id, name, brand, url, price, rating, image_url, image_alt_text, source, category, is_vegan, is_cruelty_free, is_clean_at_sephora, created_at, type, suggested_usage) VALUES ('P411387', 'Superfood Gentle Antioxidant Refillable Cleanser', 'Youth To The People', '/product/kale-spinach-green-tea-age-prevention-cleanser-P411387?skuId=1863588', 16, 4.1639, 'https://www.sephora.com/productimages/sku/s1863588-main-zoom.jpg?imwidth=270&pb=clean-at-sephora', 'Youth To The People - Superfood Gentle Antioxidant Refillable Cleanser', 'SEPHORA', 'SKINCARE', true, true, true, '2024-12-27 16:17:10.499334', 'Face Wash & Cleansers', '<p><strong>Suggested Usage:<br></strong>-Use twice daily, in the morning and evening.</p><p>-Wet face first. Put one to two pumps of Superfood face cleanser into wet hands, rub together into a light lather, and massage into face and neck for 30 seconds to activate the cold-pressed antioxidants.</p><p>-Rinse thoroughly.</p><p><br></p><p>Tip:</p><p>-For best makeup removal, massage one to two pumps of Superfood face cleanser into dry or slightly damp face and neck. Add more water gradually as you massage for one minute. Rinse thoroughly</p><p><br></p><p>Pair with our Superfruit Cleanser as a treatment at least 3x a week, AM or PM to gently exfoliate the skin for a smooth, soft + radiant complexion.&nbsp;</p><p><br></p><p><strong>Recycling Instructions:<br></strong>-Take off the cap and dispose into its proper container.</p><p>-Check your local recycling authority''s guidelines to make sure you use the correct one.</p><p>-Wash the glass jar thoroughly in hot soapy water.</p><p>-Rinse, then dry. If you skip this step, containers may contaminate other materials in a mixed-waste stream, like paper.</p><p>-Place in your recycling bin and voila! Your glass jar can now be infinitely recycled.</p>');
INSERT INTO app.products (product_id, name, brand, url, price, rating, image_url, image_alt_text, source, category, is_vegan, is_cruelty_free, is_clean_at_sephora, created_at, type, suggested_usage) VALUES ('P505233', 'Honey Infused Hydrating Lip Oil', 'Gisou', '/product/gisou-lip-oil-P505233?skuId=2683464', 28, 4.1945, 'https://www.sephora.com/productimages/sku/s2683464-main-zoom.jpg?imwidth=270&pb=clean-at-sephora', 'Gisou - Honey Infused Hydrating Lip Oil', 'SEPHORA', 'SKINCARE', false, true, true, '2024-12-27 16:17:10.499343', 'Lip Balms & Treatments', '<p><strong>Suggested Usage:<br></strong>-Glide directly onto bare lips or underneath/over your favorite lip product for extra dimension, hydration, and shine.</p><p><br></p><p>Pro tip:</p><p>-For the softest, smoothest finish, cleanse and exfoliate lips before applying.</p>');
INSERT INTO app.products (product_id, name, brand, url, price, rating, image_url, image_alt_text, source, category, is_vegan, is_cruelty_free, is_clean_at_sephora, created_at, type, suggested_usage) VALUES ('P448854', 'ShineOn Lip Jelly Hydrating Non-Sticky Lip Gloss', 'Tower 28 Beauty', '/product/shineon-lip-jelly-P448854?skuId=2549970', 16, 4.4914, 'https://www.sephora.com/productimages/sku/s2549970-main-zoom.jpg?imwidth=270&pb=clean-at-sephora', 'Tower 28 Beauty - ShineOn Lip Jelly Hydrating Non-Sticky Lip Gloss', 'SEPHORA', 'SKINCARE', true, true, true, '2024-12-27 16:17:10.499351', 'Lip Gloss', '<b>Suggested Usage:</b><br>-Swipe on over bare lips or over your favorite lip color for soft, glossy lips.');
INSERT INTO app.products (product_id, name, brand, url, price, rating, image_url, image_alt_text, source, category, is_vegan, is_cruelty_free, is_clean_at_sephora, created_at, type, suggested_usage) VALUES ('P512153', 'Squalane + Amino Acids Hydrating Lip Balm', 'The Ordinary', '/product/the-ordinary-squalane-amino-acids-hydrating-lip-balm-P512153?skuId=2785293', 9.5, 4.0868, 'https://www.sephora.com/productimages/sku/s2785293-main-zoom.jpg?imwidth=270', 'The Ordinary - Squalane + Amino Acids Hydrating Lip Balm', 'SEPHORA', 'SKINCARE', true, true, false, '2024-12-27 16:17:10.49936', 'Lip Balms & Treatments', '<b>Suggested Usage:<br></b>-Apply to lips, cuticles, and elbows as needed');
INSERT INTO app.products (product_id, name, brand, url, price, rating, image_url, image_alt_text, source, category, is_vegan, is_cruelty_free, is_clean_at_sephora, created_at, type, suggested_usage) VALUES ('P406712', 'B-Hydra™ Intensive Hydration Serum with Hyaluronic Acid', 'Drunk Elephant', '/product/b-hydra-intensive-hydration-gel-P406712?skuId=1785856', 49, 4.2717, 'https://www.sephora.com/productimages/sku/s1785856-main-zoom.jpg?imwidth=270&pb=clean-at-sephora', 'Drunk Elephant - B-Hydra™ Intensive Hydration Serum with Hyaluronic Acid', 'SEPHORA', 'SKINCARE', true, true, true, '2024-12-27 16:17:10.499377', 'Face Serums', '<p><strong>Suggested Usage:</strong></p><p>-Apply one pump to a clean, dry face, neck, chest, hands, or any place needing increased hydration. Mix with any Drunk Elephant serum, oil, or cream to lock it in. </p><p>-TIP: Exfoliate regularly to ensure maximum absorption of the product. </p><p>-Skincare Smoothie Tip: At night, try a Drunk Elephant Good to Glow Smoothie by mixing 1 pump T.L.C. Framboos + 1 pump B-Hydra + 2-3 drops of A-Gloei in the palm of your hand and applying it all over for smoother, hydrated and glowing skin.
</p>');
INSERT INTO app.products (product_id, name, brand, url, price, rating, image_url, image_alt_text, source, category, is_vegan, is_cruelty_free, is_clean_at_sephora, created_at, type, suggested_usage) VALUES ('P509440', 'The Base Face Milk Essence & Lightweight Moisturizer with Hyaluronic Acid', 'ILIA', '/product/ilia-base-face-milk-P509440?skuId=2739837', 28, 4.4784, 'https://www.sephora.com/productimages/sku/s2739837-main-zoom.jpg?imwidth=270&pb=allure-2024-bestofbeauty', 'ILIA - The Base Face Milk Essence & Lightweight Moisturizer with Hyaluronic Acid', 'SEPHORA', 'SKINCARE', true, true, true, '2024-12-27 16:17:10.499386', 'Moisturizers', '<b>Suggested Usage:<br></b>-Morning and night, give the bottle two to three shakes into your palms. <br>-Rub palms together and gently press into skin. <br>-For oily skin, use it like a lightweight moisturizer at the end of your skincare routine. <br>-For dry skin, layer it underneath your moisturizer for an extra boost of hydration. <br>-For sensitive skin, apply it before your actives for extra skin barrier support.');
INSERT INTO app.products (product_id, name, brand, url, price, rating, image_url, image_alt_text, source, category, is_vegan, is_cruelty_free, is_clean_at_sephora, created_at, type, suggested_usage) VALUES ('P442744', 'Watermelon Glow Ultra-Fine Mist', 'Glow Recipe', '/product/watermelon-glow-ultra-fine-mist-P442744?skuId=2207231', 29, 4.1541, 'https://www.sephora.com/productimages/sku/s2207231-main-zoom.jpg?imwidth=270&pb=clean-planet-aware', 'Glow Recipe - Watermelon Glow Ultra-Fine Mist', 'SEPHORA', 'SKINCARE', true, true, false, '2024-12-27 16:17:10.499397', 'Mists & Essences', '<b>Suggested Usage:</b><br>-For oily/combination skin, spray it once every few hours to refresh skin. ⁣<br>-For drier skin types, hold it closer to your skin and apply two spritzes every two hours to maintain hydration.⁣');
INSERT INTO app.products (product_id, name, brand, url, price, rating, image_url, image_alt_text, source, category, is_vegan, is_cruelty_free, is_clean_at_sephora, created_at, type, suggested_usage) VALUES ('P441101', 'The Dewy Skin Cream Plumping & Hydrating Refillable Moisturizer', 'Tatcha', '/product/the-dewy-skin-cream-P441101?skuId=2785434', 23, 4.083, 'https://www.sephora.com/productimages/sku/s2785434-main-zoom.jpg?imwidth=270&pb=clean-at-sephora', 'Tatcha - The Dewy Skin Cream Plumping & Hydrating Refillable Moisturizer', 'SEPHORA', 'SKINCARE', false, true, true, '2024-12-27 16:17:10.499406', 'Moisturizers', '<b>Suggested Usage:</b><br>-Scoop a pearl-sized amount of cream with the gold spoon. <br>-Massage onto face, neck, and d&#233;colletage in upward strokes. <br>-Use daily, morning and night.');
INSERT INTO app.products (product_id, name, brand, url, price, rating, image_url, image_alt_text, source, category, is_vegan, is_cruelty_free, is_clean_at_sephora, created_at, type, suggested_usage) VALUES ('P509295', 'Mini Glycolic Acid 7% Exfoliating Toner', 'The Ordinary', '/product/the-ordinary-mini-glycolic-acid-7-exfoliating-toning-solution-P509295?skuId=2714384', 8.7, 4.6451, 'https://www.sephora.com/productimages/sku/s2714384-main-zoom.jpg?imwidth=270', 'The Ordinary - Mini Glycolic Acid 7% Exfoliating Toner', 'SEPHORA', 'SKINCARE', true, true, false, '2024-12-27 16:17:10.499414', 'Toners', '<b>Suggested Usage:<br></b>-Use ideally in the PM and do not exceed once-daily use.<br>-After cleaning, saturate a cotton pad with the formula and sweep across face and neck.<br>-Do not rinse off.<br>-Continue with additional skin treatments as needed.<br><br>Precautions:<br>-Avoid the eye contour and contact with eyes.<br>-This product contains an alpha hydroxy acid (AHA) that may increase your skin''s sensitivity to the sun and particularly the possibility of sunburn. Use a sunscreen, wear protective clothing, and limit sun exposure while using this product and for a week afterward.<br>-Use only as directed.<br>-Contact of the product with the skin must be of limited frequency or duration.<br>-This formula should not be used on sensitive, peeling, or compromised skin. If persistent irritation occurs, discontinue use and consult a physician.<br>-Please note that Tasmanian pepperberry derivative included in this formula is of plant origin and varies in color seasonally, and this color variation may be apparent in the formula from time to time.');
INSERT INTO app.products (product_id, name, brand, url, price, rating, image_url, image_alt_text, source, category, is_vegan, is_cruelty_free, is_clean_at_sephora, created_at, type, suggested_usage) VALUES ('P505350', 'Cleansing + Exfoliating Wipes', 'SEPHORA COLLECTION', '/product/sephora-collection-cleansing-exfoliating-wipes-P505350?skuId=2558542', 4, 4.0837, 'https://www.sephora.com/productimages/sku/s2558542-main-zoom.jpg?imwidth=270&pb=clean-at-sephora', 'SEPHORA COLLECTION - Cleansing + Exfoliating Wipes', 'SEPHORA', 'SKINCARE', true, false, true, '2024-12-27 16:17:10.499422', 'Face Wipes', '<b>Suggested Usage:<br></b>Cleansing:<br>-Twice a day, wipe your face and eyes with a cleansing wipe to remove all traces of makeup.<br>-If necessary, focus on the areas with heavy makeup, such as lips and eyelashes.<br>-Do not rinse after use.<br>-Dispose of the wipe. <br>-Make sure you properly close the top of the pack after use. <br><br>Exfoliating: <br>-Once a day, wipe all over your face, taking care to avoid contact with your eyes.<br>-Focus on the T-zone (forehead, nose, chin) in case of impurities.<br>-No need to rinse.<br>-Dispose of the wipe. <br>-Make sure you properly close the top of the pack after use. ');
INSERT INTO app.products (product_id, name, brand, url, price, rating, image_url, image_alt_text, source, category, is_vegan, is_cruelty_free, is_clean_at_sephora, created_at, type, suggested_usage) VALUES ('P500744', 'Moisturizing Lip Balm', 'SEPHORA COLLECTION', '/product/moisturizing-lip-balm-P500744?skuId=2707875', 7, 4.3184, 'https://www.sephora.com/productimages/sku/s2707875-main-zoom.jpg?imwidth=270&pb=clean-at-sephora', 'SEPHORA COLLECTION - Moisturizing Lip Balm', 'SEPHORA', 'SKINCARE', true, false, true, '2024-12-27 16:17:10.499431', 'Lip Balms & Treatments', '<p><strong>Suggested Usage:<br></strong>-Apply generously on lips whenever necessary.</p>');
INSERT INTO app.products (product_id, name, brand, url, price, rating, image_url, image_alt_text, source, category, is_vegan, is_cruelty_free, is_clean_at_sephora, created_at, type, suggested_usage) VALUES ('P513494', 'Limited Edition Biscotti and Espresso Balm Dotcom Duo', 'Glossier', '/product/limited-edition-biscotti-espresso-balm-dotcom-duo-P513494?skuId=2811305', 27, 3.1163, 'https://www.sephora.com/productimages/sku/s2811305-main-zoom.jpg?imwidth=270', 'Glossier - Limited Edition Biscotti and Espresso Balm Dotcom Duo', 'SEPHORA', 'SKINCARE', false, false, false, '2024-12-27 16:17:10.499439', 'Lip Sets', '<b>Suggested Usage:<br></b>-Squeeze a small amount directly onto dry, chapped lips or apply with your fingertip.<br>-Reapply as needed.');
INSERT INTO app.products (product_id, name, brand, url, price, rating, image_url, image_alt_text, source, category, is_vegan, is_cruelty_free, is_clean_at_sephora, created_at, type, suggested_usage) VALUES ('P444967', 'Mini Facial Spray with Aloe, Herbs and Rosewater', 'Mario Badescu', '/product/mario-badescu-facial-spray-with-aloe-herbs-rosewater-mini-P444967?skuId=2540789', 6, 3.9151, 'https://www.sephora.com/productimages/sku/s2540789-main-zoom.jpg?imwidth=270', 'Mario Badescu - Mini Facial Spray with Aloe, Herbs and Rosewater', 'SEPHORA', 'SKINCARE', true, true, false, '2024-12-27 16:17:10.499446', 'Mini Size', '<b>Suggested Usage:</b><br>-Mist onto face, neck, or hair as needed. <br>-Use it to infuse more hydration before or after applying moisturizer, as a pick-me-up on the go, or post-makeup application to give skin a dewy finish. ');
INSERT INTO app.products (product_id, name, brand, url, price, rating, image_url, image_alt_text, source, category, is_vegan, is_cruelty_free, is_clean_at_sephora, created_at, type, suggested_usage) VALUES ('P484080', 'Mini Faded Serum for Dark Spots & Discoloration', 'Topicals', '/product/topicals-mini-faded-serum-for-dark-spots-discoloration-P484080?skuId=2571156', 18, 3.6646, 'https://www.sephora.com/productimages/sku/s2571156-main-zoom.jpg?imwidth=270', 'Topicals - Mini Faded Serum for Dark Spots & Discoloration', 'SEPHORA', 'SKINCARE', true, true, false, '2024-12-27 16:17:10.499455', 'Face Serums', '<b>Suggested Usage:<br></b>-Apply a thin, even layer to cleansed, dry skin before moisturizing and after toning.<br>-Use all over your face or on areas with the most discoloration and uneven tone.<br>-Gently massage into skin until absorbed.<br>-Use once weekly, working up to daily use.<br>-Use sun protection during the day and moisturize well. ');
INSERT INTO app.products (product_id, name, brand, url, price, rating, image_url, image_alt_text, source, category, is_vegan, is_cruelty_free, is_clean_at_sephora, created_at, type, suggested_usage) VALUES ('P453814', 'Lip Glow Oil', 'DIOR', '/product/dior-lip-glow-oil-P453814?skuId=2750081', 40, 4.0792, 'https://www.sephora.com/productimages/sku/s2750081-main-zoom.jpg?imwidth=270', 'DIOR - Lip Glow Oil', 'SEPHORA', 'SKINCARE', false, false, false, '2024-12-27 16:17:10.499463', 'Lip Balms & Treatments', '<b>Suggested Usage:</b><br>-Wear alone or as a top coat for dazzling shine.');
INSERT INTO app.products (product_id, name, brand, url, price, rating, image_url, image_alt_text, source, category, is_vegan, is_cruelty_free, is_clean_at_sephora, created_at, type, suggested_usage) VALUES ('P483496', 'Salicylic Acid 2% Exfoliating Blemish Solution', 'The Ordinary', '/product/the-ordinary-salicylic-acid-2-exfoliating-blemish-solution-P483496?skuId=2611390', 6.7, 4.2611, 'https://www.sephora.com/productimages/sku/s2611390-main-zoom.jpg?imwidth=270', 'The Ordinary - Salicylic Acid 2% Exfoliating Blemish Solution', 'SEPHORA', 'SKINCARE', true, true, false, '2024-12-27 16:17:10.499471', 'Blemish & Acne Treatments', '<p><strong>Suggested Usage:</strong></p><p>-Apply once daily in the evening. </p><p>-Apply a small dot to area of concern.</p><p>-For general use, apply a small amount to entire face.</p><p><br></p><p><strong>Safety:
</strong>-If bothersome dryness or peeling occurs, reduce application to once a day or every other day

<strong>Directions</strong>: Please refer to directions on the product monographs in full <strong>
</strong></p>');
INSERT INTO app.products (product_id, name, brand, url, price, rating, image_url, image_alt_text, source, category, is_vegan, is_cruelty_free, is_clean_at_sephora, created_at, type, suggested_usage) VALUES ('P472072', 'Brazilian Crush Cheirosa ’40 Bom Dia Hair & Body Fragrance Mist', 'Sol de Janeiro', '/product/sol-de-janeiro-brazilian-crush-cheriosa-40-hair-body-fragrance-mist-P472072?skuId=2461812', 25, 4.5455, 'https://www.sephora.com/productimages/sku/s2461812-main-zoom.jpg?imwidth=270', 'Sol de Janeiro - Brazilian Crush Cheirosa ’40 Bom Dia Hair & Body Fragrance Mist', 'SEPHORA', 'SKINCARE', false, false, false, '2024-12-27 16:17:10.499484', 'Body Mist & Hair Mist', '<b>Suggested Usage:<br></b>-Spray it anywhere, and everywhere, including your body, hair, clothes, and lingerie&mdash;that&rsquo;s the Sol de Janeiro way and so cheirosa. <br>-Mist all the time for the lingering scent of black amber plum, vanilla woods, and jasmine blooms.  <br><br><b>Recycling Instructions:<br></b>-Separate cap and pump from the bottle and place in recycling bin.');
INSERT INTO app.products (product_id, name, brand, url, price, rating, image_url, image_alt_text, source, category, is_vegan, is_cruelty_free, is_clean_at_sephora, created_at, type, suggested_usage) VALUES ('P442563', 'AHA 30% + BHA 2% Exfoliating Peeling Solution', 'The Ordinary', '/product/aha-30-bha-2-peeling-solution-P442563?skuId=2210607', 9.5, 4.4671, 'https://www.sephora.com/productimages/sku/s2210607-main-zoom.jpg?imwidth=270', 'The Ordinary - AHA 30% + BHA 2% Exfoliating Peeling Solution', 'SEPHORA', 'SKINCARE', true, true, false, '2024-12-27 16:17:10.499492', 'Facial Peels', '<b>Suggested Usage:<br></b>-Apply to a clean, dry face.<br>-Leave on for 10 minutes, then rinse with lukewarm water.<br>-Use ideally in the PM, no more frequently than twice per week.<br><br>Precautions:<br>-Do not use on wet skin.<br>-Do not leave on for longer than 10 minutes.<br>-If persistent irritation occurs, discontinue use and consult a physician.');
INSERT INTO app.products (product_id, name, brand, url, price, rating, image_url, image_alt_text, source, category, is_vegan, is_cruelty_free, is_clean_at_sephora, created_at, type, suggested_usage) VALUES ('P466123', 'Watermelon Glow Niacinamide Dew Drops Serum', 'Glow Recipe', '/product/glow-recipe-watermelon-glow-niacinamide-dew-drops-P466123?skuId=2404846', 20, 4.2798, 'https://www.sephora.com/productimages/sku/s2404846-main-zoom.jpg?imwidth=270&pb=clean-planet-aware', 'Glow Recipe - Watermelon Glow Niacinamide Dew Drops Serum', 'SEPHORA', 'SKINCARE', true, true, false, '2024-12-27 16:17:10.499501', 'Face Serums', '<b>Suggested Usage:<br></b>As a brightening serum step:<br>-Apply one pump before moisturizer to get long-lasting, glowing skin results.<br><br>As a priming step: <br>-Apply one to two pumps as the last step in your skin-care routine before makeup.<br><br>For a Maximum Glow:<br>-On a no-makeup day, apply one to two pumps as the last step of your entire routine. <br><br>Extra Dew Drops Hacks:<br>-Over makeup: pick up the formula using the ring finger and dab off excess on the back of your hand. <br>-Then gently pat &quot;a drop of dew&quot; on the high points of the face in a tapping motion.<br><br>As a primer:  <br>-Apply one to two pumps as the last step in your skin-care routine before makeup for a smooth finish and glow. <br>-Mix with foundation: Mix &quot;a drop of dew&quot; into foundation for a boost of hydration and glow.<br><br>For your eyes: <br>-Dab a pea-size amount to the center of the eyelid and blend out.<br><br>For a Double Highlight: <br>-Pat a drop below complexion makeup and then layer with a powder highlighter on top.');
INSERT INTO app.products (product_id, name, brand, url, price, rating, image_url, image_alt_text, source, category, is_vegan, is_cruelty_free, is_clean_at_sephora, created_at, type, suggested_usage) VALUES ('P469502', 'Skin Perfecting 2% BHA Liquid Exfoliant for Clear Skin', 'Paula''s Choice', '/product/paula-s-choice-skin-perfecting-2-bha-liquid-exfoliant-P469502?skuId=2421360', 14, 4.3176, 'https://www.sephora.com/productimages/sku/s2421360-main-zoom.jpg?imwidth=270', 'Paula''s Choice - Skin Perfecting 2% BHA Liquid Exfoliant for Clear Skin', 'SEPHORA', 'SKINCARE', false, true, false, '2024-12-27 16:17:10.49951', 'Exfoliators', '<p><strong>Suggested Usage:</strong></p><p>-Apply once or twice daily after cleansing and toning.</p><p>-Gently shake 1–2x onto hands or a cotton pad. Provides up to 120 uses.</p><p>-Apply to face and neck (avoid contact with your lash line and eyelids).</p><p>-Do not rinse.</p><p>-Follow with serum and/or moisturizer.</p><p>-For daytime wear, always finish with SPF 30+.</p><p><br></p><p>Start Slowly: Apply every other day and note skin''s response. Then use up to twice daily. For daytime, always finish with SPF 30+. For nighttime, follow with the rest of your routine. If you have a salicylate allergy, check with your physician before using any products that contain salicylic acid.C81</p><p><br></p><p><br></p><p><strong>Recycling Instructions:</strong></p><p>Recycle Paula''s Choice products through TerraCycle.</p>');
INSERT INTO app.products (product_id, name, brand, url, price, rating, image_url, image_alt_text, source, category, is_vegan, is_cruelty_free, is_clean_at_sephora, created_at, type, suggested_usage) VALUES ('P443840', 'Caffeine De-puffing + Dark Circle Eye Cream', 'The INKEY List', '/product/caffeine-eye-cream-P443840?skuId=2211514', 11, 3.958, 'https://www.sephora.com/productimages/sku/s2211514-main-zoom.jpg?imwidth=270&pb=clean-at-sephora', 'The INKEY List - Caffeine De-puffing + Dark Circle Eye Cream', 'SEPHORA', 'SKINCARE', false, true, true, '2024-12-27 16:17:10.499518', 'Eye Creams & Treatments', '<p><strong>Suggested Usage:</strong></p><p>-Use daily, morning and night</p><p>- Squeeze a pea-sized amount onto the tip of your ring finger</p><p>-Gently pat around the contour of the eye</p><p>- Follow with preferred serums and moisturizer to complete your skincare routine</p><p>-Always finish with SPF for your AM routine</p><p><br></p><p>INKEY Tip: Keeping your Caffeine Eye Cream in the fridge will give an extra cooling benefit on application to leave the skin looking depuffed and instantly cool.</p><p><br></p><p><strong>Recycling Instructions:</strong></p><p>-Separate the cap and tube&nbsp;</p><p>-Cut off the top of tube</p><p>-Use excess product and rinse tube&nbsp;</p><p>-Recycle packaging</p><p>Recycling is subject to local policies and facilities.</p>');
INSERT INTO app.products (product_id, name, brand, url, price, rating, image_url, image_alt_text, source, category, is_vegan, is_cruelty_free, is_clean_at_sephora, created_at, type, suggested_usage) VALUES ('P511544', 'Saccharomyces Ferment 30% Milky Toner', 'The Ordinary', '/product/the-ordinary-saccharomyces-ferment-30-milky-toner-P511544?skuId=2768083', 14, 4.4616, 'https://www.sephora.com/productimages/sku/s2768083-main-zoom.jpg?imwidth=270&pb=allure-2024-bestofbeauty', 'The Ordinary - Saccharomyces Ferment 30% Milky Toner', 'SEPHORA', 'SKINCARE', false, true, false, '2024-12-27 16:17:10.499526', 'Toners', '<b>Suggested Usage:<br></b>-Apply in the morning and evening.<br>-Apply to your face and neck using a cotton pad or your fingers.<br>-Do not rinse off.<br>-Avoid eye contour and contact with eyes.');
INSERT INTO app.products (product_id, name, brand, url, price, rating, image_url, image_alt_text, source, category, is_vegan, is_cruelty_free, is_clean_at_sephora, created_at, type, suggested_usage) VALUES ('P505897', 'Cream Skin Refillable Toner & Moisturizer with Ceramides and Peptides', 'LANEIGE', '/product/cream-skin-refillable-toner-moisturizer-with-ceramides-peptides-P505897?skuId=2671857', 6, 4.4207, 'https://www.sephora.com/productimages/sku/s2671857-main-zoom.jpg?imwidth=270&pb=allure-2023-bestofbeauty-badge', 'LANEIGE - Cream Skin Refillable Toner & Moisturizer with Ceramides and Peptides', 'SEPHORA', 'SKINCARE', false, false, false, '2024-12-27 16:17:10.499535', 'Moisturizers', '<b>Suggested Usage:<br></b>-Gently pat into skin in the morning and evening, after cleansing.<br>-Apply multiple layers for additional hydration as desired.');
INSERT INTO app.products (product_id, name, brand, url, price, rating, image_url, image_alt_text, source, category, is_vegan, is_cruelty_free, is_clean_at_sephora, created_at, type, suggested_usage) VALUES ('P512737', 'Booster Eye Mask Brightening + Vitamin C', 'SEPHORA COLLECTION', '/product/sephora-collection-booster-eye-mask-brightening-vitamin-c-P512737?skuId=2743318', 4, 4.7681, 'https://www.sephora.com/productimages/sku/s2743318-main-zoom.jpg?imwidth=270', 'SEPHORA COLLECTION - Booster Eye Mask Brightening + Vitamin C', 'SEPHORA', 'SKINCARE', true, true, false, '2024-12-27 16:17:10.499611', 'Eye Masks', '<b>Suggested Usage:<br></b>-Remove one protective film. <br>-Place the patch below one of your eyes. <br>-Remove the two other films. <br>-Place the second patch. <br>-Leave on for five minutes. <br>-Remove. <br>-Massage any excess product into the skin. <br>-No need to rinse.');
INSERT INTO app.products (product_id, name, brand, url, price, rating, image_url, image_alt_text, source, category, is_vegan, is_cruelty_free, is_clean_at_sephora, created_at, type, suggested_usage) VALUES ('P441323', 'Mini Blueberry Bounce Gentle Cleanser', 'Glow Recipe', '/product/blueberry-bounce-gentle-cleanser-mini-P441323?skuId=2188209', 10, 3.7397, 'https://www.sephora.com/productimages/sku/s2188209-main-zoom.jpg?imwidth=270&pb=clean-planet-aware', 'Glow Recipe - Mini Blueberry Bounce Gentle Cleanser', 'SEPHORA', 'SKINCARE', true, false, false, '2024-12-27 16:17:10.499634', 'Mini Size', '<b>Suggested Usage:</b><br>To use as a cleanser:<br>-Dispense one pump into wet palms and rub hands to create a lather. <br>-Massage gently onto skin. <br>-Rinse thoroughly with water. <br>-Follow with your usual skincare regimen. <br><br>To use as a makeup remover: <br>-Dispense two pumps into wet palms and gently massage into face and neck in small circular motions for a full minute to eliminate all traces of makeup. <br>-Rinse thoroughly with water. <br>-Follow with your usual skincare regimen. <br><br>To use as a mask: <br>-Apply a generous layer to clean, dry skin. <br>-After five minutes, rinse thoroughly with lukewarm water. <br>-Follow with your usual skincare regimen.    ');
INSERT INTO app.products (product_id, name, brand, url, price, rating, image_url, image_alt_text, source, category, is_vegan, is_cruelty_free, is_clean_at_sephora, created_at, type, suggested_usage) VALUES ('P502966', 'Great Skin Instant Glow Serum with Niacinamide and Hyaluronic Acid', 'MERIT', '/product/merit-great-skin-instant-glow-serum-with-niacinamide-hyaluronic-acid-P502966?skuId=2512788', 38, 4.1799, 'https://www.sephora.com/productimages/sku/s2512788-main-zoom.jpg?imwidth=270&pb=clean-at-sephora', 'MERIT - Great Skin Instant Glow Serum with Niacinamide and Hyaluronic Acid', 'SEPHORA', 'SKINCARE', true, true, true, '2024-12-27 16:17:10.499646', 'Face Serums', '<p><strong>Suggested Usage:</strong></p><p>-Shake well. </p><p>-After cleansing and before moisturizer, warm serum in hands and press into skin. </p><p>-Can be applied after your other active serums to help lock in hydration and help improve texture over time. </p><p>-Applies like an essence with strength of a serum. </p><p>-Wears well with makeup or on its own.</p></p><p>-For Dry Skin: Use 3 pumps.</p><p>-For Normal Skin: Use 2 pumps.</p><p>-For Combination/ Oily skin: Use 1-2 pumps.');
INSERT INTO app.products (product_id, name, brand, url, price, rating, image_url, image_alt_text, source, category, is_vegan, is_cruelty_free, is_clean_at_sephora, created_at, type, suggested_usage) VALUES ('P469086', 'Facial Cleansing Pad', 'SEPHORA COLLECTION', '/product/sephora-collection-facial-cleansing-pad-P469086?skuId=2683209', 8, 4.7289, 'https://www.sephora.com/productimages/sku/s2683209-main-zoom.jpg?imwidth=270&pb=2023-03-sephora-value-2023', 'SEPHORA COLLECTION - Facial Cleansing Pad', 'SEPHORA', 'SKINCARE', false, false, false, '2024-12-27 16:17:10.499655', 'Facial Cleansing Brushes', '<b>Suggested Usage:<br></b>-Use with your favorite cleanser to remove stubborn dirt and grime.<br>-Allow to dry between uses.');
INSERT INTO app.products (product_id, name, brand, url, price, rating, image_url, image_alt_text, source, category, is_vegan, is_cruelty_free, is_clean_at_sephora, created_at, type, suggested_usage) VALUES ('P505336', 'Hydrating Hyaluronic Acid Face Masks', 'SEPHORA COLLECTION', '/product/sephora-collection-face-masks-fruit-plant-extracts-hydrating-hyaluronic-acid-P505336?skuId=2614394', 6, 4.5029, 'https://www.sephora.com/productimages/sku/s2614394-main-zoom.jpg?imwidth=270&pb=clean-at-sephora', 'SEPHORA COLLECTION - Hydrating Hyaluronic Acid Face Masks', 'SEPHORA', 'SKINCARE', true, false, true, '2024-12-27 16:17:10.499666', 'Sheet Masks', '<b>Suggested Usage:<br></b>-Unfold the sheet mask.<br>-Apply mask to clean, dry skin.<br>-Leave the sheet mask on the face for ten minutes before removing.<br>-No need to rinse. <br>-Avoid contact with eyes. <br>-Use twice weekly.<br><br>Tip: <br>-Massage in any remaining serum using the Sephora Collection Rose Quartz Facial Roller (sold separately).<br><br><b>Recycling Instructions:<br></b>-The pouch is made with 16 percent recycled plastic and can be recycled. <br>-The sheet mask is compostable.');
INSERT INTO app.products (product_id, name, brand, url, price, rating, image_url, image_alt_text, source, category, is_vegan, is_cruelty_free, is_clean_at_sephora, created_at, type, suggested_usage) VALUES ('P468658', 'Super Volcanic AHA Pore Clearing Clay Mask', 'innisfree', '/product/innisfree-pore-clearing-clay-mask-P468658?skuId=2735777', 18, 4.5937, 'https://www.sephora.com/productimages/sku/s2735777-main-zoom.jpg?imwidth=270&pb=clean-at-sephora', 'innisfree - Super Volcanic AHA Pore Clearing Clay Mask', 'SEPHORA', 'SKINCARE', true, true, true, '2024-12-27 16:17:10.499675', 'Face Masks', '<b>Suggested Usage:<br></b>-Apply desired amount to your entire face or to specific areas of concern. <br>-Leave on for 10 minutes or until dry. <br>-Gently rinse by massaging in circular motions with lukewarm water. <br>-Use one to two times a week.<br><br><b>Recycling Instructions:<br></b>-innisfree partners with TerraCycle&reg; on a no-waste recycling program to give your empties a second life. <br>-Request your recycling envelope at https://www.terracycle.com/en-US/brigades/innisfree.<br>-Gather all your clean products, rinse them, and place them in any box.<br>-Log in to your TerraCycle&reg; account at terracycle.com to download and print a free shipping label.<br>-Drop your box off at the designated shipping provider.');
INSERT INTO app.products (product_id, name, brand, url, price, rating, image_url, image_alt_text, source, category, is_vegan, is_cruelty_free, is_clean_at_sephora, created_at, type, suggested_usage) VALUES ('P417312', 'Brazilian Crush Cheirosa ’62 Bum Bum Hair & Body Fragrance Mist', 'Sol de Janeiro', '/product/brazilian-crush-body-fragrance-mist-P417312?skuId=1930759', 25, 4.4204, 'https://www.sephora.com/productimages/sku/s1930759-main-zoom.jpg?imwidth=270', 'Sol de Janeiro - Brazilian Crush Cheirosa ’62 Bum Bum Hair & Body Fragrance Mist', 'SEPHORA', 'SKINCARE', false, false, false, '2024-12-27 16:17:10.49969', 'Body Mist & Hair Mist', '<b>Suggested Usage:</b><br>-Use all over the body any time, anywhere.<br>-Spray on hair, clothes, and lingerie for that lingering scent of pistachio caramel.
<br><br><b> Precautions:</b><br>-For external use only.
');
INSERT INTO app.products (product_id, name, brand, url, price, rating, image_url, image_alt_text, source, category, is_vegan, is_cruelty_free, is_clean_at_sephora, created_at, type, suggested_usage) VALUES ('P509844', 'Watermelon Glow Niacinamide Hue Drops Sun Glow Serum', 'Glow Recipe', '/product/glow-recipe-watermelon-glow-niacinamide-hue-drops-sun-glow-serum-P509844?skuId=2742195', 35, 4.417, 'https://www.sephora.com/productimages/sku/s2742195-main-zoom.jpg?imwidth=270&pb=clean-planet-aware', 'Glow Recipe - Watermelon Glow Niacinamide Hue Drops Sun Glow Serum', 'SEPHORA', 'SKINCARE', false, true, false, '2024-12-27 16:17:10.499698', 'Face Serums', '<p><strong>Suggested Usage:</strong> </p><p>-As the last step of your daytime skincare routine, blend one to two pumps onto the face and neck with fingertips for a natural, all-over warm glow. </p><p>-How to use for maximum glow: Warm up your foundation and add luminosity to the skin by mixing one to two pumps with your foundation. </p><p>-Spot use for a warm glow: Apply to the high points of the face including your hairline and cheekbones as a highlighter or contour. </p><p>-For your eyes (ophthalmologist-tested): Using fingers, dab a pea-size amount to the center of the eyelid and blend out for a quick and easy wash of color.</p>');
INSERT INTO app.products (product_id, name, brand, url, price, rating, image_url, image_alt_text, source, category, is_vegan, is_cruelty_free, is_clean_at_sephora, created_at, type, suggested_usage) VALUES ('P503692', 'Plush Puddin’ Intensive Recovery Lip Mask With Pomegranate Sterols + Vitamin E', 'Fenty Skin', '/product/fenty-skin-rihanna-plush-puddin-intensive-recovery-lip-mask-with-pomegranate-sterols-vitamin-e-P503692?skuId=2619997', 23, 4.0667, 'https://www.sephora.com/productimages/sku/s2619997-main-zoom.jpg?imwidth=270&pb=clean-at-sephora', 'Fenty Skin - Plush Puddin’ Intensive Recovery Lip Mask With Pomegranate Sterols + Vitamin E', 'SEPHORA', 'SKINCARE', true, true, true, '2024-12-27 16:17:10.499709', 'Lip Balms & Treatments', '<b>Suggested Usage:<br></b>-Twist base counter-clockwise to use.<br>-Apply to lips as needed day or/and night.<br><br><b>Recycling Instructions:<br></b>-The protective outer box is recyclable.<br>-Made from 100 percent PCR (post-consumer recycled) material.<br>-The entire pot is recyclable.');
INSERT INTO app.products (product_id, name, brand, url, price, rating, image_url, image_alt_text, source, category, is_vegan, is_cruelty_free, is_clean_at_sephora, created_at, type, suggested_usage) VALUES ('P500307', 'Fenty Treatz Hydrating + Strengthening Lip Oil', 'Fenty Skin', '/product/cherry-treat-conditioning-lip-oil-P500307?skuId=2536423', 24, 4.2223, 'https://www.sephora.com/productimages/sku/s2536423-main-zoom.jpg?imwidth=270&pb=clean-at-sephora', 'Fenty Skin - Fenty Treatz Hydrating + Strengthening Lip Oil', 'SEPHORA', 'SKINCARE', false, true, true, '2024-12-27 16:17:10.499717', 'Lip Balms & Treatments', '<b>Suggested Usage:<br></b>-Apply as often as needed for quickly hydrated, smooth lips.<br><br><b>Recycling Instructions:<br></b>-Protective outer box is recyclable.');
INSERT INTO app.products (product_id, name, brand, url, price, rating, image_url, image_alt_text, source, category, is_vegan, is_cruelty_free, is_clean_at_sephora, created_at, type, suggested_usage) VALUES ('P307907', 'Nourishing and Protective Shea Butter Hand Cream', 'L''Occitane', '/product/hand-creams-P307907?skuId=482497', 13, 4.5166, 'https://www.sephora.com/productimages/sku/s482497-main-zoom.jpg?imwidth=270', 'L''Occitane - Nourishing and Protective Shea Butter Hand Cream', 'SEPHORA', 'SKINCARE', false, false, false, '2024-12-27 16:17:10.499726', 'Hand Cream & Foot Cream', '<p><strong>Suggested Usage:</strong></p><p>Massage cream onto the back of palms and cuticles. </p>');
INSERT INTO app.products (product_id, name, brand, url, price, rating, image_url, image_alt_text, source, category, is_vegan, is_cruelty_free, is_clean_at_sephora, created_at, type, suggested_usage) VALUES ('P504636', 'Mini Watermelon Glow Niacinamide Dew Drops', 'Glow Recipe', '/product/mini-watermelon-glow-niacinamide-dew-drops-P504636?skuId=2640340', 20, 4.2798, 'https://www.sephora.com/productimages/sku/s2640340-main-zoom.jpg?imwidth=270&pb=clean-planet-aware', 'Glow Recipe - Mini Watermelon Glow Niacinamide Dew Drops', 'SEPHORA', 'SKINCARE', true, true, false, '2024-12-27 16:17:10.499734', 'Face Serums', '<b>Suggested Usage:<br></b>For a natural glow and brightening serum:<br>-Apply one pump before moisturizer for long-lasting, glowing skin results.<br>As a priming step: <br>-Apply one to two pumps as the last step in your skincare routine before makeup.<br><br>For a maximum glow:<br>-On a no-makeup day, apply one to two pumps as the last step of your entire routine. <br><br>Extra Dew Drops hacks:<br>-Over makeup: Pick up the formula, using the ring finger, and dab off excess on the back of your hand. Then gently pat &quot;a drop of dew&quot; on the high points of the face in a tapping motion.<br>-As a primer: Apply one to two pumps as the last step in your skincare routine before makeup for a smooth finish and glow. <br>-Mix with foundation: Mix &quot;a drop of dew&quot; into foundation for a boost of hydration and glow.<br>-For your eyes: Dab a pea-size amount to the center of the eyelid and blend out.<br>-For a double highlight: Pat a drop below complexion makeup and layer with a powder highlighter on top.');
INSERT INTO app.products (product_id, name, brand, url, price, rating, image_url, image_alt_text, source, category, is_vegan, is_cruelty_free, is_clean_at_sephora, created_at, type, suggested_usage) VALUES ('P509439', 'Dream Lip Oil for Moisturizing Sheer Coverage', 'Summer Fridays', '/product/summer-fridays-dream-lip-oil-P509439?skuId=2744696', 26, 3.7159, 'https://www.sephora.com/productimages/sku/s2744696-main-zoom.jpg?imwidth=270&pb=clean-at-sephora', 'Summer Fridays - Dream Lip Oil for Moisturizing Sheer Coverage', 'SEPHORA', 'SKINCARE', false, true, true, '2024-12-27 16:17:10.499742', 'Lip Oil', '<b>Suggested Usage:<br></b>-Apply to bare lips or layer over your favorite lip color or liner for added dimension.');


--
-- Data for Name: product_concerns; Type: TABLE DATA; Schema: app; Owner: postgres
--

INSERT INTO app.product_concerns (product_concern_id, product_id, concern_id) VALUES (241, 'P455936', 4);
INSERT INTO app.product_concerns (product_concern_id, product_id, concern_id) VALUES (242, 'P455936', 5);
INSERT INTO app.product_concerns (product_concern_id, product_id, concern_id) VALUES (243, 'P427417', 1);
INSERT INTO app.product_concerns (product_concern_id, product_id, concern_id) VALUES (244, 'P427417', 2);
INSERT INTO app.product_concerns (product_concern_id, product_id, concern_id) VALUES (245, 'P467762', 1);
INSERT INTO app.product_concerns (product_concern_id, product_id, concern_id) VALUES (246, 'P467762', 4);
INSERT INTO app.product_concerns (product_concern_id, product_id, concern_id) VALUES (247, 'P467762', 5);
INSERT INTO app.product_concerns (product_concern_id, product_id, concern_id) VALUES (248, 'P427419', 4);
INSERT INTO app.product_concerns (product_concern_id, product_id, concern_id) VALUES (249, 'P427406', 5);
INSERT INTO app.product_concerns (product_concern_id, product_id, concern_id) VALUES (250, 'P427406', 6);
INSERT INTO app.product_concerns (product_concern_id, product_id, concern_id) VALUES (251, 'P458219', 1);
INSERT INTO app.product_concerns (product_concern_id, product_id, concern_id) VALUES (252, 'P458219', 4);
INSERT INTO app.product_concerns (product_concern_id, product_id, concern_id) VALUES (253, 'P458219', 5);
INSERT INTO app.product_concerns (product_concern_id, product_id, concern_id) VALUES (254, 'P443563', 4);
INSERT INTO app.product_concerns (product_concern_id, product_id, concern_id) VALUES (255, 'P443563', 5);
INSERT INTO app.product_concerns (product_concern_id, product_id, concern_id) VALUES (256, 'P461522', 1);
INSERT INTO app.product_concerns (product_concern_id, product_id, concern_id) VALUES (257, 'P461522', 2);
INSERT INTO app.product_concerns (product_concern_id, product_id, concern_id) VALUES (258, 'P420652', 4);
INSERT INTO app.product_concerns (product_concern_id, product_id, concern_id) VALUES (259, 'P420652', 5);
INSERT INTO app.product_concerns (product_concern_id, product_id, concern_id) VALUES (260, 'P510898', 4);
INSERT INTO app.product_concerns (product_concern_id, product_id, concern_id) VALUES (261, 'P510898', 11);
INSERT INTO app.product_concerns (product_concern_id, product_id, concern_id) VALUES (262, 'P511705', 3);
INSERT INTO app.product_concerns (product_concern_id, product_id, concern_id) VALUES (263, 'P511705', 2);
INSERT INTO app.product_concerns (product_concern_id, product_id, concern_id) VALUES (264, 'P411387', 1);
INSERT INTO app.product_concerns (product_concern_id, product_id, concern_id) VALUES (265, 'P411387', 2);
INSERT INTO app.product_concerns (product_concern_id, product_id, concern_id) VALUES (266, 'P406712', 4);
INSERT INTO app.product_concerns (product_concern_id, product_id, concern_id) VALUES (267, 'P406712', 5);
INSERT INTO app.product_concerns (product_concern_id, product_id, concern_id) VALUES (268, 'P406712', 6);
INSERT INTO app.product_concerns (product_concern_id, product_id, concern_id) VALUES (269, 'P509295', 5);
INSERT INTO app.product_concerns (product_concern_id, product_id, concern_id) VALUES (270, 'P509295', 6);
INSERT INTO app.product_concerns (product_concern_id, product_id, concern_id) VALUES (271, 'P500744', 4);
INSERT INTO app.product_concerns (product_concern_id, product_id, concern_id) VALUES (272, 'P469502', 1);
INSERT INTO app.product_concerns (product_concern_id, product_id, concern_id) VALUES (273, 'P469502', 6);
INSERT INTO app.product_concerns (product_concern_id, product_id, concern_id) VALUES (274, 'P505897', 4);
INSERT INTO app.product_concerns (product_concern_id, product_id, concern_id) VALUES (275, 'P468658', 1);
INSERT INTO app.product_concerns (product_concern_id, product_id, concern_id) VALUES (276, 'P468658', 6);
INSERT INTO app.product_concerns (product_concern_id, product_id, concern_id) VALUES (277, 'P468658', 2);
INSERT INTO app.product_concerns (product_concern_id, product_id, concern_id) VALUES (278, 'P509844', 4);
INSERT INTO app.product_concerns (product_concern_id, product_id, concern_id) VALUES (279, 'P509844', 5);
INSERT INTO app.product_concerns (product_concern_id, product_id, concern_id) VALUES (280, 'P500307', 4);


--
-- Data for Name: product_ingredients; Type: TABLE DATA; Schema: app; Owner: postgres
--

INSERT INTO app.product_ingredients (product_ingredient_id, product_id, ingredient_id) VALUES (424, 'P427417', 2);
INSERT INTO app.product_ingredients (product_ingredient_id, product_id, ingredient_id) VALUES (425, 'P467762', 5);
INSERT INTO app.product_ingredients (product_ingredient_id, product_id, ingredient_id) VALUES (426, 'P467762', 3);
INSERT INTO app.product_ingredients (product_ingredient_id, product_id, ingredient_id) VALUES (427, 'P427419', 5);
INSERT INTO app.product_ingredients (product_ingredient_id, product_id, ingredient_id) VALUES (428, 'P427419', 8);
INSERT INTO app.product_ingredients (product_ingredient_id, product_id, ingredient_id) VALUES (429, 'P427406', 5);
INSERT INTO app.product_ingredients (product_ingredient_id, product_id, ingredient_id) VALUES (430, 'P427406', 8);
INSERT INTO app.product_ingredients (product_ingredient_id, product_id, ingredient_id) VALUES (431, 'P458219', 5);
INSERT INTO app.product_ingredients (product_ingredient_id, product_id, ingredient_id) VALUES (432, 'P458219', 3);
INSERT INTO app.product_ingredients (product_ingredient_id, product_id, ingredient_id) VALUES (433, 'P461522', 5);
INSERT INTO app.product_ingredients (product_ingredient_id, product_id, ingredient_id) VALUES (434, 'P461522', 8);
INSERT INTO app.product_ingredients (product_ingredient_id, product_id, ingredient_id) VALUES (435, 'P420652', 6);
INSERT INTO app.product_ingredients (product_ingredient_id, product_id, ingredient_id) VALUES (436, 'P420652', 5);
INSERT INTO app.product_ingredients (product_ingredient_id, product_id, ingredient_id) VALUES (437, 'P510898', 5);
INSERT INTO app.product_ingredients (product_ingredient_id, product_id, ingredient_id) VALUES (438, 'P510898', 2);
INSERT INTO app.product_ingredients (product_ingredient_id, product_id, ingredient_id) VALUES (439, 'P510932', 5);
INSERT INTO app.product_ingredients (product_ingredient_id, product_id, ingredient_id) VALUES (440, 'P510932', 8);
INSERT INTO app.product_ingredients (product_ingredient_id, product_id, ingredient_id) VALUES (441, 'P511705', 1);
INSERT INTO app.product_ingredients (product_ingredient_id, product_id, ingredient_id) VALUES (442, 'P514680', 5);
INSERT INTO app.product_ingredients (product_ingredient_id, product_id, ingredient_id) VALUES (443, 'P514680', 8);
INSERT INTO app.product_ingredients (product_ingredient_id, product_id, ingredient_id) VALUES (444, 'P411387', 5);
INSERT INTO app.product_ingredients (product_ingredient_id, product_id, ingredient_id) VALUES (445, 'P411387', 8);
INSERT INTO app.product_ingredients (product_ingredient_id, product_id, ingredient_id) VALUES (446, 'P406712', 5);
INSERT INTO app.product_ingredients (product_ingredient_id, product_id, ingredient_id) VALUES (447, 'P406712', 2);
INSERT INTO app.product_ingredients (product_ingredient_id, product_id, ingredient_id) VALUES (448, 'P406712', 8);
INSERT INTO app.product_ingredients (product_ingredient_id, product_id, ingredient_id) VALUES (449, 'P509440', 5);
INSERT INTO app.product_ingredients (product_ingredient_id, product_id, ingredient_id) VALUES (450, 'P509440', 3);
INSERT INTO app.product_ingredients (product_ingredient_id, product_id, ingredient_id) VALUES (451, 'P442744', 3);
INSERT INTO app.product_ingredients (product_ingredient_id, product_id, ingredient_id) VALUES (452, 'P441101', 5);
INSERT INTO app.product_ingredients (product_ingredient_id, product_id, ingredient_id) VALUES (453, 'P509295', 5);
INSERT INTO app.product_ingredients (product_ingredient_id, product_id, ingredient_id) VALUES (454, 'P509295', 8);
INSERT INTO app.product_ingredients (product_ingredient_id, product_id, ingredient_id) VALUES (455, 'P505350', 5);
INSERT INTO app.product_ingredients (product_ingredient_id, product_id, ingredient_id) VALUES (456, 'P484080', 5);
INSERT INTO app.product_ingredients (product_ingredient_id, product_id, ingredient_id) VALUES (457, 'P484080', 2);
INSERT INTO app.product_ingredients (product_ingredient_id, product_id, ingredient_id) VALUES (458, 'P483496', 1);
INSERT INTO app.product_ingredients (product_ingredient_id, product_id, ingredient_id) VALUES (459, 'P483496', 8);
INSERT INTO app.product_ingredients (product_ingredient_id, product_id, ingredient_id) VALUES (460, 'P442563', 1);
INSERT INTO app.product_ingredients (product_ingredient_id, product_id, ingredient_id) VALUES (461, 'P442563', 8);
INSERT INTO app.product_ingredients (product_ingredient_id, product_id, ingredient_id) VALUES (462, 'P442563', 5);
INSERT INTO app.product_ingredients (product_ingredient_id, product_id, ingredient_id) VALUES (463, 'P466123', 5);
INSERT INTO app.product_ingredients (product_ingredient_id, product_id, ingredient_id) VALUES (464, 'P466123', 2);
INSERT INTO app.product_ingredients (product_ingredient_id, product_id, ingredient_id) VALUES (465, 'P469502', 1);
INSERT INTO app.product_ingredients (product_ingredient_id, product_id, ingredient_id) VALUES (466, 'P443840', 5);
INSERT INTO app.product_ingredients (product_ingredient_id, product_id, ingredient_id) VALUES (467, 'P443840', 8);
INSERT INTO app.product_ingredients (product_ingredient_id, product_id, ingredient_id) VALUES (468, 'P443840', 3);
INSERT INTO app.product_ingredients (product_ingredient_id, product_id, ingredient_id) VALUES (469, 'P511544', 8);
INSERT INTO app.product_ingredients (product_ingredient_id, product_id, ingredient_id) VALUES (470, 'P505897', 5);
INSERT INTO app.product_ingredients (product_ingredient_id, product_id, ingredient_id) VALUES (471, 'P505897', 3);
INSERT INTO app.product_ingredients (product_ingredient_id, product_id, ingredient_id) VALUES (472, 'P512737', 5);
INSERT INTO app.product_ingredients (product_ingredient_id, product_id, ingredient_id) VALUES (473, 'P512737', 8);
INSERT INTO app.product_ingredients (product_ingredient_id, product_id, ingredient_id) VALUES (474, 'P502966', 2);
INSERT INTO app.product_ingredients (product_ingredient_id, product_id, ingredient_id) VALUES (475, 'P502966', 8);
INSERT INTO app.product_ingredients (product_ingredient_id, product_id, ingredient_id) VALUES (476, 'P505336', 5);
INSERT INTO app.product_ingredients (product_ingredient_id, product_id, ingredient_id) VALUES (477, 'P468658', 5);
INSERT INTO app.product_ingredients (product_ingredient_id, product_id, ingredient_id) VALUES (478, 'P509844', 5);
INSERT INTO app.product_ingredients (product_ingredient_id, product_id, ingredient_id) VALUES (479, 'P509844', 2);
INSERT INTO app.product_ingredients (product_ingredient_id, product_id, ingredient_id) VALUES (480, 'P500307', 8);
INSERT INTO app.product_ingredients (product_ingredient_id, product_id, ingredient_id) VALUES (481, 'P307907', 5);
INSERT INTO app.product_ingredients (product_ingredient_id, product_id, ingredient_id) VALUES (482, 'P504636', 5);
INSERT INTO app.product_ingredients (product_ingredient_id, product_id, ingredient_id) VALUES (483, 'P504636', 2);


--
-- Data for Name: users; Type: TABLE DATA; Schema: app; Owner: postgres
--



--
-- Name: concerns_concern_id_seq; Type: SEQUENCE SET; Schema: app; Owner: postgres
--

SELECT pg_catalog.setval('app.concerns_concern_id_seq', 1, false);


--
-- Name: ingredients_id_seq; Type: SEQUENCE SET; Schema: app; Owner: postgres
--

SELECT pg_catalog.setval('app.ingredients_id_seq', 1, false);


--
-- Name: product_concerns_product_concern_id_seq; Type: SEQUENCE SET; Schema: app; Owner: postgres
--

SELECT pg_catalog.setval('app.product_concerns_product_concern_id_seq', 280, true);


--
-- Name: product_ingredients_product_ingredient_id_seq; Type: SEQUENCE SET; Schema: app; Owner: postgres
--

SELECT pg_catalog.setval('app.product_ingredients_product_ingredient_id_seq', 483, true);


--
-- Name: users_user_id_seq; Type: SEQUENCE SET; Schema: app; Owner: postgres
--

SELECT pg_catalog.setval('app.users_user_id_seq', 1, false);


--
-- PostgreSQL database dump complete
--

